timestamp,query,elapsed_s,active_config
20260605_040514,104,15.749,sortMergeJoin-x6-sf1-mem512-3-1:1-4part-partbytes32m
20260605_040514,104,14.03,sortMergeJoin-x6-sf1-mem512-3-1:1-4part-partbytes32m
20260605_040514,104,13.795,sortMergeJoin-x6-sf1-mem512-3-1:1-4part-partbytes32m
20260605_040514,104,13.657,sortMergeJoin-x6-sf1-mem512-3-1:1-4part-partbytes32m
20260605_040514,104,13.07,sortMergeJoin-x6-sf1-mem512-3-1:1-4part-partbytes32m
20260605_040824,104,15.466,sortMergeJoin-x6-sf1-mem512-3-1:0-4part-partbytes32m
20260605_040824,104,13.882,sortMergeJoin-x6-sf1-mem512-3-1:0-4part-partbytes32m
20260605_040824,104,14.001,sortMergeJoin-x6-sf1-mem512-3-1:0-4part-partbytes32m
20260605_040824,104,13.094,sortMergeJoin-x6-sf1-mem512-3-1:0-4part-partbytes32m
20260605_040824,104,13.086,sortMergeJoin-x6-sf1-mem512-3-1:0-4part-partbytes32m
20260605_041113,104,25.377,sortMergeJoin-x6-sf1-mem512-3-1:1-8part-partbytes32m
20260605_041113,104,21.969,sortMergeJoin-x6-sf1-mem512-3-1:1-8part-partbytes32m
20260605_041113,104,17.847,sortMergeJoin-x6-sf1-mem512-3-1:1-8part-partbytes32m
20260605_041113,104,22.197,sortMergeJoin-x6-sf1-mem512-3-1:1-8part-partbytes32m
20260605_041113,104,22.401,sortMergeJoin-x6-sf1-mem512-3-1:1-8part-partbytes32m
20260605_041510,104,15.248,sortMergeJoin-x6-sf1-mem512-3-1:0-8part-partbytes32m
20260605_041510,104,14.166,sortMergeJoin-x6-sf1-mem512-3-1:0-8part-partbytes32m
20260605_041510,104,14.039,sortMergeJoin-x6-sf1-mem512-3-1:0-8part-partbytes32m
20260605_041510,104,13.144,sortMergeJoin-x6-sf1-mem512-3-1:0-8part-partbytes32m
20260605_041510,104,13.233,sortMergeJoin-x6-sf1-mem512-3-1:0-8part-partbytes32m
20260605_041757,104,20.676,sortMergeJoin-x6-sf1-mem512-3-1:1-12part-partbytes32m
20260605_041757,104,19.824,sortMergeJoin-x6-sf1-mem512-3-1:1-12part-partbytes32m
20260605_041757,104,15.156,sortMergeJoin-x6-sf1-mem512-3-1:1-12part-partbytes32m
20260605_041757,104,19.076,sortMergeJoin-x6-sf1-mem512-3-1:1-12part-partbytes32m
20260605_041757,104,15.178,sortMergeJoin-x6-sf1-mem512-3-1:1-12part-partbytes32m
20260605_042125,104,15.523,sortMergeJoin-x6-sf1-mem512-3-1:0-12part-partbytes32m
20260605_042125,104,14.751,sortMergeJoin-x6-sf1-mem512-3-1:0-12part-partbytes32m
20260605_042125,104,13.838,sortMergeJoin-x6-sf1-mem512-3-1:0-12part-partbytes32m
20260605_042125,104,13.346,sortMergeJoin-x6-sf1-mem512-3-1:0-12part-partbytes32m
20260605_042125,104,13.309,sortMergeJoin-x6-sf1-mem512-3-1:0-12part-partbytes32m
20260605_042416,104,18.724,sortMergeJoin-x6-sf1-mem512-3-1:1-16part-partbytes32m
20260605_042416,104,16.708,sortMergeJoin-x6-sf1-mem512-3-1:1-16part-partbytes32m
20260605_042416,104,13.69,sortMergeJoin-x6-sf1-mem512-3-1:1-16part-partbytes32m
20260605_042416,104,18.334,sortMergeJoin-x6-sf1-mem512-3-1:1-16part-partbytes32m
20260605_042416,104,18.366,sortMergeJoin-x6-sf1-mem512-3-1:1-16part-partbytes32m
20260605_042745,104,15.713,sortMergeJoin-x6-sf1-mem512-3-1:0-16part-partbytes32m
20260605_042745,104,15.067,sortMergeJoin-x6-sf1-mem512-3-1:0-16part-partbytes32m
20260605_042745,104,14.012,sortMergeJoin-x6-sf1-mem512-3-1:0-16part-partbytes32m
20260605_042745,104,13.43,sortMergeJoin-x6-sf1-mem512-3-1:0-16part-partbytes32m
20260605_042745,104,13.441,sortMergeJoin-x6-sf1-mem512-3-1:0-16part-partbytes32m
20260605_043038,104,16.961,sortMergeJoin-x6-sf1-mem512-3-1:1-24part-partbytes32m
20260605_043038,104,16.342,sortMergeJoin-x6-sf1-mem512-3-1:1-24part-partbytes32m
20260605_043038,104,12.154,sortMergeJoin-x6-sf1-mem512-3-1:1-24part-partbytes32m
20260605_043038,104,16.941,sortMergeJoin-x6-sf1-mem512-3-1:1-24part-partbytes32m
20260605_043038,104,12.253,sortMergeJoin-x6-sf1-mem512-3-1:1-24part-partbytes32m
20260605_043344,104,16.387,sortMergeJoin-x6-sf1-mem512-3-1:0-24part-partbytes32m
20260605_043344,104,14.802,sortMergeJoin-x6-sf1-mem512-3-1:0-24part-partbytes32m
20260605_043344,104,14.037,sortMergeJoin-x6-sf1-mem512-3-1:0-24part-partbytes32m
20260605_043344,104,13.684,sortMergeJoin-x6-sf1-mem512-3-1:0-24part-partbytes32m
20260605_043344,104,13.768,sortMergeJoin-x6-sf1-mem512-3-1:0-24part-partbytes32m
20260605_043637,104,17.46,sortMergeJoin-x6-sf1-mem512-3-1:1-32part-partbytes32m
20260605_043637,104,17.982,sortMergeJoin-x6-sf1-mem512-3-1:1-32part-partbytes32m
20260605_043637,104,14.787,sortMergeJoin-x6-sf1-mem512-3-1:1-32part-partbytes32m
20260605_043637,104,12.656,sortMergeJoin-x6-sf1-mem512-3-1:1-32part-partbytes32m
20260605_043637,104,17.37,sortMergeJoin-x6-sf1-mem512-3-1:1-32part-partbytes32m
20260605_043952,104,17.022,sortMergeJoin-x6-sf1-mem512-3-1:0-32part-partbytes32m
20260605_043952,104,14.701,sortMergeJoin-x6-sf1-mem512-3-1:0-32part-partbytes32m
20260605_043952,104,14.279,sortMergeJoin-x6-sf1-mem512-3-1:0-32part-partbytes32m
20260605_043952,104,14.069,sortMergeJoin-x6-sf1-mem512-3-1:0-32part-partbytes32m
20260605_043952,104,14.409,sortMergeJoin-x6-sf1-mem512-3-1:0-32part-partbytes32m
